TRACK_ID	Genres
162041.png	Pop
1117444.png	Pop
1231496.png	Pop
1381977.png	Pop
1365360.png	Pop
1215807.png	Pop
1268331.png	Pop
1208516.png	Pop
35352.png	Pop
1149429.png	Pop
1249923.png	Pop
74605.png	Pop
75203.png	Pop
15165.png	Pop
1041960.png	Pop
1319500.png	Pop
1354763.png	Classical, Pop
500819.png	Pop
956030.png	Pop
33493.png	Pop
4636.png	Pop
224786.png	Pop
1385256.png	Pop
3098.png	Pop
1073733.png	Pop
1092585.png	Pop
1373253.png	Pop
1177028.png	Pop
1317799.png	Pop
335795.png	Pop
1204667.png	Pop
1002016.png	Pop
1289530.png	Pop
1076691.png	Pop
1100513.png	Pop
1175863.png	Pop
470255.png	Pop
118968.png	Pop
486251.png	Pop
1167892.png	Pop
424891.png	Pop
1187642.png	Pop
258425.png	Pop
1093798.png	Pop
1087995.png	Pop
1078677.png	Pop
542790.png	Classical, Pop
1312510.png	Pop
1038719.png	Pop
398171.png	Pop
387422.png	Pop
1202192.png	Pop
542789.png	Classical, Pop
964542.png	Pop
486183.png	Pop
1134019.png	Pop
117091.png	Pop
1048090.png	Pop
170842.png	Pop
1292120.png	Classical, Pop
1066563.png	Pop
1409403.png	Pop
210034.png	Pop
41946.png	Pop
1171254.png	Pop
181729.png	Pop
1061871.png	Pop
1298307.png	Pop
1402085.png	Classical, Pop
269005.png	Pop
452591.png	Pop
1145459.png	Pop
1081336.png	Pop
395901.png	Pop
1321062.png	Pop
485800.png	Pop
1208522.png	Pop
74271.png	Pop
1209627.png	Pop
1063454.png	Pop
1099782.png	Pop
3984.png	Pop
1325893.png	Pop
145963.png	Pop
225609.png	Pop
4248.png	Pop
1094516.png	Pop
1055321.png	Pop
454876.png	Pop
1065764.png	Pop
916194.png	Pop
1342215.png	Pop
1353323.png	Pop
924960.png	Classical, Pop
254186.png	Pop
1147635.png	Pop
1340342.png	Pop
36325.png	Pop
1236326.png	Pop
1002003.png	Pop
1189932.png	Pop
76957.png	Pop
296232.png	Pop
72841.png	Pop
214036.png	Pop
1203430.png	Pop
357361.png	Pop
31502.png	Pop
1110775.png	Pop
1032641.png	Pop
7360.png	Pop
357192.png	Pop
1236862.png	Pop
546110.png	Pop
258441.png	Pop
992507.png	Pop
1001445.png	Pop
1210876.png	Pop
1346772.png	Pop
1397741.png	Pop
566726.png	Pop
1057440.png	Pop
324030.png	Pop
1407372.png	Pop
1291776.png	Pop
111962.png	Pop
1229458.png	Pop
1119473.png	Pop
216559.png	Pop
347590.png	Pop
1002017.png	Pop
1134023.png	Pop
1284529.png	Pop
297758.png	Pop
1298717.png	Pop
6579.png	Pop
661600.png	Pop
1273973.png	Pop
1134013.png	Pop
318695.png	Pop
1115913.png	Pop
1093.png	Pop
38849.png	Pop
179613.png	Pop
175054.png	Pop
429360.png	Pop
24856.png	Pop
21642.png	Pop
1388883.png	Pop
297761.png	Pop
75193.png	Pop
1363186.png	Pop
1156319.png	Pop
187043.png	Pop
828182.png	Pop
1082410.png	Pop
172326.png	Pop
1409401.png	Pop
493296.png	Pop
155994.png	Pop
1358417.png	Pop
5486.png	Pop
970364.png	Pop
162030.png	Pop
3348.png	Pop
1090534.png	Pop
1364093.png	Classical
974305.png	Classical
997872.png	Classical, Rock
1046570.png	Classical
1265150.png	Classical
519473.png	Classical
818607.png	Classical
1112060.png	Classical
1112054.png	Classical
1157352.png	Classical
149491.png	Classical
1257311.png	Classical
1167073.png	Classical
137329.png	Classical
646435.png	Classical
1156041.png	Classical
1155894.png	Classical
965441.png	Classical
1384187.png	Classical
1222858.png	Classical
1190440.png	Classical
271749.png	Classical
956245.png	Classical
201480.png	Classical
1340256.png	Classical
1333193.png	Classical
1264997.png	Classical
1264964.png	Classical
1416571.png	Classical
1399058.png	Classical
847200.png	Classical
787084.png	Classical
285504.png	Classical
280160.png	Classical
1160423.png	Classical
1117794.png	Classical
1122852.png	Classical
907362.png	Classical
1333236.png	Classical
260194.png	Classical
233805.png	Classical
1416234.png	Classical, Rock
1073708.png	Classical
1023322.png	Classical
190781.png	Classical
1012642.png	Classical
1134859.png	Classical
168880.png	Classical
151124.png	Classical
408751.png	Classical
1193884.png	Classical
1345294.png	Classical
1011950.png	Classical
250439.png	Classical
143355.png	Classical
1318706.png	Classical
1377411.png	Classical
636309.png	Classical
961260.png	Classical
1350753.png	Classical
272859.png	Classical
1110371.png	Classical
393249.png	Classical
139511.png	Classical
470745.png	Classical
1027926.png	Classical
1217733.png	Classical
26428.png	Classical
1419187.png	Classical
394420.png	Classical
1232473.png	Classical
1092335.png	Classical
1397164.png	Classical
1353976.png	Classical
11843.png	Classical
157542.png	Classical
1261197.png	Classical
470757.png	Classical
1113774.png	Classical
1266939.png	Classical
1271788.png	Classical
1011963.png	Classical
1371055.png	Classical
1271921.png	Classical
1084195.png	Classical
1279624.png	Classical
1284461.png	Classical
1241536.png	Classical
1142630.png	Classical
1277717.png	Classical
965439.png	Classical
1122015.png	Classical
260191.png	Classical
167466.png	Classical
1134578.png	Classical
1115637.png	Classical
470755.png	Classical
431449.png	Classical
965603.png	Classical
1070703.png	Classical
890465.png	Classical
1313073.png	Classical
636310.png	Classical
934753.png	Classical
1124715.png	Classical
275291.png	Classical
244956.png	Classical
1081529.png	Classical
1278731.png	Classical
1046468.png	Classical
202938.png	Classical
25239.png	Classical
296236.png	Classical
150789.png	Classical
1049706.png	Classical
480537.png	Classical
799222.png	Classical
1109746.png	Classical
1330386.png	Classical
335254.png	Classical
616031.png	Classical
1333223.png	Classical
1193301.png	Classical
949222.png	Classical
1089272.png	Classical
31973.png	Classical
1194837.png	Classical
326498.png	Classical
1094494.png	Classical
259833.png	Classical
1405181.png	Classical
1249211.png	Classical
285636.png	Classical
1246340.png	Classical
961259.png	Classical
956550.png	Classical
1296781.png	Classical
494615.png	Classical
842775.png	Classical
1329502.png	Classical
1251181.png	Classical
811243.png	Classical
1113988.png	Classical
1009589.png	Classical
675853.png	Classical
1111977.png	Classical
793920.png	Classical
605518.png	Classical
1275144.png	Classical
1089271.png	Classical
1274156.png	Classical
1231888.png	Classical
1178110.png	Classical
1089275.png	Classical
1203123.png	Classical
414049.png	Classical
1195877.png	Classical
81709.png	Classical
1400906.png	Classical
762189.png	Classical
636313.png	Classical
430757.png	Classical
1356238.png	Classical
1113991.png	Classical
1085489.png	Classical
314992.png	Classical
298380.png	Alternative, Pop
1165391.png	Alternative
1110075.png	Alternative
1204813.png	Alternative
1096998.png	Alternative
8357.png	Alternative
1121650.png	Alternative
1123673.png	Alternative
1341476.png	Alternative, Rock
1104751.png	Alternative
518468.png	Alternative, Pop, Rock
12827.png	Alternative
171572.png	Alternative, Rock
433651.png	Alternative
179334.png	Alternative
49488.png	Alternative
344226.png	Alternative, Rock
875005.png	Alternative, Rock
3110.png	Alternative
1156012.png	Alternative, Pop, Rock
482743.png	Alternative
1131097.png	Alternative, Rock
1125824.png	Alternative, Rock
938330.png	Alternative
1123677.png	Alternative
166607.png	Alternative
251090.png	Alternative
1162011.png	Alternative, Pop, Rock
1393421.png	Alternative, Rock
680851.png	Alternative
17240.png	Alternative
1084512.png	Alternative, Rock
124404.png	Alternative
46489.png	Alternative
984999.png	Alternative
980564.png	Alternative, Pop
82318.png	Alternative, Rock
1172917.png	Alternative
1302635.png	Alternative
572373.png	Alternative
1127392.png	Alternative
1198189.png	Alternative, Rock
187048.png	Alternative, Pop
72769.png	Alternative
1337503.png	Alternative
1198190.png	Alternative, Rock
1246484.png	Alternative
429436.png	Alternative
1009355.png	Alternative, Rock
201483.png	Alternative
1054337.png	Alternative
1030176.png	Alternative, Pop
263673.png	Alternative, Rock
843489.png	Alternative
1201977.png	Alternative, Rock
816688.png	Alternative
263630.png	Alternative, Rock
1115077.png	Alternative, Rock
168351.png	Alternative, Rock
9517.png	Alternative, Pop, Rock
140640.png	Alternative
1218609.png	Alternative
1036800.png	Alternative, Pop
57049.png	Alternative
1216835.png	Alternative
1316755.png	Alternative, Rock
500416.png	Alternative, Rock
298508.png	Alternative
1142730.png	Alternative, Rock
1389958.png	Alternative
78132.png	Alternative
81712.png	Alternative, Classical
175064.png	Alternative
1014400.png	Alternative, Rock
1236123.png	Alternative
1065654.png	Alternative, Rock
1279778.png	Alternative
193665.png	Alternative
1163378.png	Alternative, Pop, Rock
43884.png	Alternative, Pop, Rock
973386.png	Alternative, Pop, Rock
1390985.png	Alternative
1172909.png	Alternative
178040.png	Alternative
182192.png	Alternative
1179411.png	Alternative
125550.png	Alternative
263621.png	Alternative, Rock
1003662.png	Alternative
1392370.png	Alternative
182093.png	Alternative
1365064.png	Alternative
196555.png	Alternative
95239.png	Alternative, Pop, Rock
1150512.png	Alternative
6040.png	Alternative
1096690.png	Alternative
154753.png	Alternative, Rock
258375.png	Alternative
1197872.png	Alternative
1218822.png	Alternative
1418662.png	Alternative, Rock
36352.png	Alternative
1216038.png	Alternative, Pop
1337510.png	Alternative
330585.png	Alternative
159206.png	Alternative
299375.png	Alternative, Pop
229612.png	Alternative
45106.png	Alternative
1219386.png	Alternative, Pop
1112005.png	Alternative
728935.png	Alternative
1109866.png	Alternative
1156023.png	Alternative, Pop, Rock
139437.png	Alternative, Pop
17479.png	Alternative
30691.png	Alternative
198549.png	Alternative
1144126.png	Alternative, Rock
1144123.png	Alternative, Rock
1215375.png	Alternative
863507.png	Alternative
370172.png	Alternative
1156016.png	Alternative, Pop, Rock
1248723.png	Alternative
1341477.png	Alternative
1374306.png	Alternative, Classical
43812.png	Alternative
1255645.png	Alternative, Rock
297810.png	Alternative, Rock
176518.png	Alternative
1314856.png	Alternative, Rock
976819.png	Alternative, Rock
863508.png	Alternative
1134298.png	Alternative
1312245.png	Alternative
1242907.png	Alternative
39249.png	Alternative
1362597.png	Alternative, Rock
18075.png	Alternative
381463.png	Alternative
1171369.png	Alternative
790447.png	Alternative, Pop
1324679.png	Alternative, Classical
1113082.png	Alternative
129558.png	Alternative
1096994.png	Alternative
140644.png	Alternative
351580.png	Alternative
1319883.png	Alternative
1219290.png	Alternative, Pop
73871.png	Alternative
106004.png	Alternative
1115078.png	Alternative, Rock
47048.png	Alternative, Rock
74103.png	Alternative
2615.png	Alternative
1365083.png	Alternative
139433.png	Alternative, Pop
25566.png	Alternative, Pop, Rock
1267343.png	Alternative, Rock
68211.png	Alternative
192464.png	Alternative
1060112.png	Alternative
842402.png	Alternative
1156027.png	Alternative, Pop, Rock
268312.png	Alternative
381457.png	Alternative
98615.png	Alternative
423720.png	Alternative, Rock
398305.png	Alternative
236242.png	Alternative
1218784.png	Alternative, Rock
789655.png	Alternative, Rock
1130221.png	Alternative
673270.png	Alternative
1085330.png	Alternative, Rock
10646.png	Alternative, Rock
187240.png	Alternative
1310209.png	Alternative
1172906.png	Alternative
914580.png	Alternative
1079571.png	Alternative
1372187.png	Alternative
154748.png	Alternative, Rock
1364368.png	Alternative
1381353.png	Alternative
536926.png	Alternative
1255621.png	Alternative, Pop
85868.png	Alternative, Rock
1156075.png	Alternative
83389.png	Alternative
188296.png	Alternative, Pop, Rock
40272.png	Alternative
5342.png	Alternative
1317558.png	Alternative, Rock
461543.png	Alternative, Rock
1335393.png	Alternative, Classical
83391.png	Alternative
494286.png	Techno
48382.png	Techno
1057824.png	Techno
82647.png	Techno
1057625.png	Dance, Techno
1132735.png	Techno
86249.png	Techno
1398736.png	Techno
1339083.png	Techno
1129361.png	Techno
232125.png	Techno
467954.png	Techno
1343022.png	Techno
941037.png	Techno
1297011.png	Techno
1320186.png	Techno
77658.png	Dance, Techno
620248.png	Dance, Techno
248259.png	Techno
162647.png	Techno
340666.png	Techno
1064741.png	Techno
597317.png	Techno
560075.png	Techno
1131403.png	Dance, Techno
1395662.png	Techno
1313559.png	Techno
1266678.png	Techno
80804.png	Techno
3524.png	Techno
44305.png	Dance, Techno
1379324.png	Dance, Techno
36710.png	Techno
102778.png	Alternative, Techno
1117531.png	Dance, Techno
1073151.png	Techno
549220.png	Techno
80768.png	Techno
485751.png	Techno
362503.png	Techno
490363.png	Techno
620615.png	Techno
1384686.png	Dance, Techno
1337030.png	Techno
82643.png	Techno
36600.png	Dance, Techno
1311288.png	Dance, Techno
1236230.png	Techno
1361932.png	Techno
1245864.png	Techno
12412.png	Dance, Techno
80784.png	Techno
80788.png	Techno
714711.png	Techno
1327469.png	Techno
341447.png	Techno
7247.png	Techno
704400.png	Techno
79959.png	Techno
1371076.png	Techno
1414145.png	Dance, Techno
1170703.png	Techno
80874.png	Techno
57163.png	Techno
597319.png	Techno
489635.png	Techno
1345585.png	Techno
1079991.png	Techno
1296299.png	Techno
1079978.png	Techno
1413399.png	Techno
101914.png	Dance, Techno
1406192.png	Techno
1057818.png	Techno
386877.png	Techno
957940.png	Rock, Techno
1032851.png	Techno
1057819.png	Techno
1349171.png	Techno
74582.png	Dance, Techno
3520.png	Techno
1342506.png	Techno
81572.png	Alternative, Techno
482713.png	Techno
1339086.png	Techno
335249.png	Techno
347383.png	Techno
761661.png	Techno
347269.png	Techno
889180.png	Techno
1154709.png	Dance, Techno
1326815.png	Techno
888621.png	Techno
1209756.png	Techno
1340278.png	Techno
343381.png	Techno
1390175.png	Techno
911357.png	Techno
1339145.png	Rock, Techno
119929.png	Dance, Techno
1418219.png	Techno
11007.png	Techno
395470.png	Techno
1397789.png	Dance, Techno
936445.png	Techno
200569.png	Dance, Techno
1383935.png	Techno
1075893.png	Techno
533686.png	Dance, Techno
1337391.png	Techno
1385238.png	Techno
76306.png	Techno
79521.png	Pop, Techno
146600.png	Dance, Techno
49185.png	Dance, Techno
1413085.png	Dance, Techno
49190.png	Dance, Techno
1317577.png	Dance, Techno
691518.png	Techno
1248726.png	Techno
1122448.png	Dance, Techno
40572.png	Techno
147504.png	Classical, Techno
1135298.png	Techno
1294690.png	Techno
321966.png	Techno
1190063.png	Techno
294403.png	Techno
80798.png	Techno
80797.png	Techno
1234070.png	Techno
1109354.png	Techno
1361928.png	Techno
106780.png	Alternative, Techno
1057820.png	Techno
761658.png	Techno
1339143.png	Techno
629087.png	Techno
80780.png	Techno
1097128.png	Techno
1414202.png	Dance, Techno
1305116.png	Techno
1039358.png	Dance, Techno
320287.png	Alternative, Techno
198555.png	Alternative, Techno
89068.png	Techno
1299914.png	Techno
1413398.png	Techno
957931.png	Rock, Techno
1371592.png	Techno
1250716.png	Techno
1279157.png	Techno
1397791.png	Dance, Techno
761277.png	Techno
1297933.png	Techno
80769.png	Techno
130604.png	Techno
1102809.png	Dance, Techno
44211.png	Techno
1294804.png	Techno
1305124.png	Techno
162650.png	Techno
365769.png	Techno
1414101.png	Techno
130484.png	Techno
1337387.png	Techno
1114136.png	Classical
1341271.png	Classical
464044.png	Classical
387612.png	Classical
1241538.png	Classical
1042013.png	Classical
72960.png	Classical
1131044.png	Classical
1085249.png	Classical
979061.png	Classical
347530.png	Classical
1193307.png	Classical
482193.png	Classical
1129035.png	Classical
340876.png	Classical
1187344.png	Classical
1122287.png	Classical
434118.png	Classical
87488.png	Classical
1240769.png	Classical
1372848.png	Classical
537760.png	Classical
1149880.png	Classical
517219.png	Classical
259897.png	Classical
1209632.png	Classical
1333168.png	Classical
1194829.png	Classical
1333144.png	Classical
1333155.png	Classical
1086405.png	Classical
1277700.png	Classical
432289.png	Classical
1187706.png	Classical
948210.png	Dance
361337.png	Dance
1383737.png	Dance
299740.png	Dance
1136342.png	Dance
701331.png	Dance, Pop
1301821.png	Dance
379203.png	Dance
950102.png	Dance
353040.png	Dance
1040136.png	Dance, Pop
1389925.png	Dance
13910.png	Dance
425629.png	Dance
1125596.png	Dance
90156.png	Dance, Pop, Rock
1415330.png	Dance
1132262.png	Dance
1155112.png	Dance
1132272.png	Dance
944884.png	Dance
1155025.png	Dance
366748.png	Dance
1250149.png	Dance, Pop
1125539.png	Dance
1149211.png	Dance
1297184.png	Dance
1392972.png	Dance, Pop
1347915.png	Dance
1125586.png	Dance
425627.png	Dance
1405353.png	Dance, Pop
329515.png	Dance
1370372.png	Dance
1402854.png	Dance, Pop
47401.png	Dance
38677.png	Dance
718300.png	Dance
159327.png	Dance
1069400.png	Dance
1250043.png	Dance, Pop
1401333.png	Dance
1420521.png	Dance
236348.png	Dance, Pop, Rock
1164639.png	Dance
30736.png	Dance
704844.png	Dance
1340337.png	Dance, Pop
913293.png	Dance, Pop
751876.png	Dance
1257004.png	Dance
1399340.png	Dance
74047.png	Dance
1399334.png	Dance
1415312.png	Dance, Pop
273948.png	Dance
1420090.png	Dance
1420503.png	Dance
911666.png	Dance
195105.png	Dance
1060611.png	Dance
1271914.png	Dance
1420481.png	Dance
1160721.png	Dance
1392219.png	Dance, Pop, Rock
1153107.png	Dance
1248104.png	Dance
1149206.png	Dance
1094141.png	Dance
1218251.png	Dance
267904.png	Dance
13914.png	Dance
521025.png	Dance
1250052.png	Dance, Pop
1125585.png	Dance
1353307.png	Dance
1415526.png	Dance
1170315.png	Dance
174559.png	Dance
749613.png	Dance
872921.png	Dance
321969.png	Dance
1143863.png	Dance, Pop
1291199.png	Dance
1151329.png	Dance
501541.png	Dance
1207175.png	Dance
1133558.png	Dance
1271915.png	Dance
435042.png	Dance
945197.png	Dance, Pop
1372772.png	Dance
1093607.png	Dance, Pop
134149.png	Dance
764570.png	Dance
1392709.png	Dance, Pop
83386.png	Dance
1312080.png	Dance
335215.png	Dance
462204.png	Dance
615164.png	Dance
1259899.png	Dance
1353358.png	Dance
1420483.png	Dance
1245087.png	Dance
388822.png	Dance
1408442.png	Dance
76731.png	Dance
133704.png	Dance
1091339.png	Dance
1359247.png	Dance, Pop
1290256.png	Dance
1187970.png	Dance, Pop
1178753.png	Dance
318076.png	Dance
436054.png	Dance
1420704.png	Dance
1391861.png	Dance, Pop, Rock
90175.png	Dance, Pop, Rock
37551.png	Dance
202586.png	Dance
1321746.png	Dance
37544.png	Dance
1114491.png	Dance, Pop
1339520.png	Dance
950100.png	Dance
1392678.png	Dance, Pop
1321720.png	Dance
1143862.png	Dance, Pop
1289524.png	Dance, Rock
74043.png	Dance
47393.png	Dance
46821.png	Dance
1231091.png	Alternative, Dance
1368047.png	Dance, Pop
1336416.png	Dance
1102291.png	Dance, Rock
1399344.png	Dance
1349619.png	Dance
1191118.png	Dance
38673.png	Dance
1051378.png	Dance, Pop
1079195.png	Dance
1353330.png	Dance
1167099.png	Dance
1391081.png	Dance, Pop, Rock
1151702.png	Dance
1085234.png	Dance
1361374.png	Dance
1303075.png	Dance
908381.png	Dance
1381256.png	Dance, Pop
1283748.png	Dance
1031433.png	Dance, Rock
121094.png	Dance
1208034.png	Dance
1231088.png	Dance
1076598.png	Dance
774863.png	Dance
335288.png	Dance
159332.png	Dance
1280429.png	Dance
1393251.png	Dance
1420513.png	Dance
1136336.png	Dance
860808.png	Dance
98266.png	Dance
45240.png	Dance
1349618.png	Dance
1143861.png	Dance, Pop
1380984.png	Dance
1129666.png	Dance
1420507.png	Dance
979234.png	Dance
1244448.png	Dance
331161.png	Dance
1270815.png	Dance, Pop
1368285.png	Dance
185696.png	Dance
1381000.png	Dance
1348877.png	Dance
560127.png	Dance
1371096.png	Dance
1295710.png	Dance
913298.png	Dance, Pop
1105538.png	Dance
1420500.png	Dance
1187967.png	Dance, Pop
874886.png	Dance
1117565.png	Dance
1370365.png	Dance
1031678.png	Dance
37555.png	Dance
1271905.png	Dance, Pop
1405306.png	Dance, Pop
388824.png	Dance
1121444.png	Dance, Pop
1091355.png	Dance
1106675.png	Dance
440863.png	Dance
208183.png	Rock
1123936.png	Rock
1351227.png	Rock
82127.png	Rock
1242271.png	Rock
1046593.png	Rock
1032910.png	Rock
1275970.png	Rock
221268.png	Rock
1095022.png	Rock
1189942.png	Rock
1314218.png	Rock
1347389.png	Rock
902709.png	Rock
172421.png	Rock
1271.png	Rock
44434.png	Rock
1001116.png	Rock
1194314.png	Rock
167762.png	Rock
1046745.png	Rock
11190.png	Pop, Rock
498812.png	Rock
182483.png	Rock
5145.png	Pop, Rock
1414664.png	Rock
1358432.png	Rock
1109991.png	Rock
1103977.png	Pop, Rock
1371498.png	Pop, Rock
1315479.png	Rock
1114037.png	Rock
1037487.png	Pop, Rock
145969.png	Rock
351462.png	Rock
1339630.png	Rock
1210872.png	Pop, Rock
1203669.png	Rock
993550.png	Rock
1414376.png	Rock
82301.png	Rock
1339629.png	Rock
1417803.png	Rock
308048.png	Rock
1341045.png	Rock
311389.png	Rock
1414088.png	Pop, Rock
394069.png	Rock
956552.png	Rock
1267135.png	Pop, Rock
38003.png	Pop, Rock
947798.png	Rock
68464.png	Rock
1061473.png	Pop, Rock
1095023.png	Pop, Rock
1027899.png	Rock
496078.png	Rock
1320587.png	Rock
1124970.png	Rock
1066755.png	Rock
867660.png	Rock
1249955.png	Rock
362491.png	Pop, Rock
1353979.png	Rock
311436.png	Rock
415160.png	Pop, Rock
810902.png	Rock
162034.png	Pop, Rock
443974.png	Pop, Rock
711953.png	Rock
82064.png	Rock
1086301.png	Rock
461559.png	Pop, Rock
811655.png	Rock
1047236.png	Pop, Rock
607853.png	Rock
1379928.png	Pop, Rock
1103981.png	Pop, Rock
1056172.png	Rock
37998.png	Pop, Rock
993562.png	Rock
1149702.png	Rock
345157.png	Rock
982391.png	Rock
78731.png	Pop, Rock
1387674.png	Rock
137431.png	Rock
310401.png	Rock
1347097.png	Pop, Rock
289008.png	Rock
373342.png	Rock
1078472.png	Rock
1269813.png	Rock
1081178.png	Rock
1133718.png	Rock
1199610.png	Rock
1033504.png	Rock
1084434.png	Rock
1040481.png	Pop, Rock
1167299.png	Rock
23866.png	Rock
1348730.png	Rock
246.png	Rock
1189901.png	Rock
1324769.png	Rock
372063.png	Rock
81129.png	Rock
100999.png	Rock
1371775.png	Pop, Rock
1210793.png	Pop, Rock
181608.png	Pop, Rock
723358.png	Rock
1124969.png	Rock
176548.png	Rock
189548.png	Rock
1084735.png	Rock
10644.png	Rock
400400.png	Rock
1401974.png	Rock
118076.png	Rock
1332738.png	Rock
711955.png	Rock
161445.png	Rock
1315329.png	Rock
1353670.png	Rock
1296596.png	Rock
19852.png	Rock
1277295.png	Rock
395917.png	Rock
1147266.png	Rock
228514.png	Rock
1399518.png	Rock
1189953.png	Rock
1397802.png	Rock
220597.png	Rock
1264977.png	Rock
74361.png	Pop, Rock
389793.png	Rock
1223054.png	Rock
1152621.png	Rock
723351.png	Rock
207490.png	Rock
1405032.png	Pop, Rock
496069.png	Rock
1373322.png	Rock
103888.png	Pop, Rock
810900.png	Rock
1141668.png	Rock
216408.png	Rock
1149696.png	Rock
347879.png	Pop, Rock
238747.png	Rock
1147363.png	Rock
40784.png	Rock
138175.png	Rock
1210700.png	Pop, Rock
1290952.png	Rock
428994.png	Rock
1354683.png	Rock
129146.png	Pop, Rock
172106.png	Rock
1152648.png	Rock
1193019.png	Rock
1139989.png	Pop, Rock
847637.png	Rock
148469.png	Pop, Rock
661599.png	Pop
1208045.png	Pop
6721.png	Pop
75940.png	Pop
493137.png	Pop
1292564.png	Pop
88868.png	Pop
1165509.png	Pop
1272517.png	Pop
393084.png	Pop
935793.png	Pop
6724.png	Pop
1078819.png	Pop
980881.png	Pop
1336602.png	Pop
1165513.png	Pop
181804.png	Pop
873861.png	Pop
457083.png	Pop
11184.png	Pop
500818.png	Pop
1078606.png	Pop
1037752.png	Pop
1275427.png	Pop
296705.png	Pop
1066144.png	Pop
117067.png	Pop
1281389.png	Pop
76662.png	Pop
93421.png	Pop
1398147.png	Pop
1078694.png	Pop
1174819.png	Pop
243157.png	Pop
998036.png	Techno
146597.png	Dance, Techno
1326821.png	Techno
14737.png	Dance, Techno
86282.png	Techno
582671.png	Techno
340674.png	Techno
1077814.png	Techno
96735.png	Dance, Techno
1357346.png	Techno
1343011.png	Techno
82593.png	Dance, Techno
516539.png	Alternative, Techno
14730.png	Dance, Techno
1317584.png	Dance, Techno
1414085.png	Techno
1214993.png	Pop, Techno
549229.png	Techno
1039359.png	Dance, Techno
1183074.png	Techno
549221.png	Techno
1399701.png	Techno
1280414.png	Dance, Techno
30226.png	Rock, Techno
1414103.png	Techno
532868.png	Dance, Techno
520984.png	Techno
1190059.png	Techno
1317580.png	Techno
455596.png	Techno
340673.png	Techno
395468.png	Techno
674283.png	Rock, Techno
1088838.png	Techno
1044795.png	Rock
1314207.png	Rock
443976.png	Pop, Rock
101645.png	Pop, Rock
1114038.png	Rock
1272523.png	Rock
365535.png	Rock
1067690.png	Rock
809.png	Pop, Rock
199649.png	Rock
139593.png	Rock
42316.png	Rock
1346167.png	Rock
1023138.png	Pop, Rock
1084436.png	Rock
1312130.png	Pop, Rock
1265971.png	Pop, Rock
1078429.png	Pop, Rock
389525.png	Rock
1221533.png	Rock
1087141.png	Pop, Rock
1035560.png	Pop, Rock
134053.png	Rock
1186023.png	Rock
890107.png	Rock
188693.png	Rock
1347619.png	Pop, Rock
1413875.png	Pop, Rock
1396976.png	Rock
1277817.png	Pop, Rock
1125677.png	Rock
1095478.png	Rock
90063.png	Rock
1374690.png	Rock
